ra,dec,Source_Name,Type,Fx(uJy),Porb,SIMBAD_Name,Final_Type,Astrosat_Flag,Date_Observed,Time_Observed,Proposal_ID,Target_ID,Observation_ID,Instrument
8.23375,-73.80527778,J0032.9-7348    ,      ,0.2,          ,RX J0032.9-7348,HMXB,0.0,0.0,0.0,0.0,0.0,0.0,0.0
12.37333333,-73.18222222,J0049-732       ,P     ,0.04,          ,[MA93]  300,HMXB,0.0,0.0,0.0,0.0,0.0,0.0,0.0
12.26041667,-72.84777778,J0049-729       ,TP    ,0.5,          ,RX J0049.0-7250,HMXB,0.0,0.0,0.0,0.0,0.0,0.0,0.0
13.02541667,-72.435, 0050-727       ,T     ,1,          ,LIN 198,HMXB,0.0,0.0,0.0,0.0,0.0,0.0,0.0
12.68625,-73.26805556,J0050.7-7316    ,P     ,0.16,1.416,V* DZ Tuc,HMXB,0.0,0.0,0.0,0.0,0.0,0.0,0.0
12.7325,-72.23194444,J0051-722       ,TP    ,2.6,120,[MA93]  413,HMXB,0.0,0.0,0.0,0.0,0.0,0.0,0.0
12.97083333,-72.52916667,J0051.8-7231    ,TP    ,0.01,          ,AzV 102,HMXB,0.0,0.0,0.0,0.0,0.0,0.0,0.0
12.96416667,-73.17722222,J0051.9-7311    ,T     ,           ,          ,LIN 193,HMXB,0.0,0.0,0.0,0.0,0.0,0.0,0.0
13.05791667,-73.32027778,J0052.1-7319    ,TP    ,0.024,          ,LIN 203,HMXB,0.0,0.0,0.0,0.0,0.0,0.0,0.0
13.225,-71.96888889,J0052.9-7158    ,TU    ,2,          ,LIN 221,HMXB,0.0,0.0,0.0,0.0,0.0,0.0,0.0
13.63916667,-73.68444444, 0053-739       ,T     ,1,          ,X SMC X-2,HMXB,1.0,2020-04-12,12:15:48,T03_187,T01,T03_187T01_9000003608::SMC X-2,laxpc2
14.17625,60.71666667, 0053+604       ,      ,5,          , 0053+604       ,Unknown,0.0,0.0,0.0,0.0,0.0,0.0,0.0
13.47916667,-72.44638889,J0053.8-7226    ,TP    ,1.4,139,RX J0053.9-7226,HMXB,0.0,0.0,0.0,0.0,0.0,0.0,0.0
13.65,-72.06666667,J0054-720       ,TP    ,3.8,          ,OGLE SMC-LPV-10913,LPV*,0.0,0.0,0.0,0.0,0.0,0.0,0.0
13.73404167,-72.441,J0055-724       ,TP    ,1,65,[MA93]  810,HMXB,0.0,0.0,0.0,0.0,0.0,0.0,0.0
14.45166667,-72.045,J0058-72.0      ,P     ,0.1,          ,[MA93] 1036,HMXB,0.0,0.0,0.0,0.0,0.0,0.0,0.0
14.55291667,-72.5125,J0058.2-7231    ,      ,           ,          ,RX J0058.2-7231,HMXB,0.0,0.0,0.0,0.0,0.0,0.0,0.0
14.79708333,-71.64583333,J0059.2-7138    ,TUP   ,3,          ,RX J0059.2-7138,HMXB,0.0,0.0,0.0,0.0,0.0,0.0,0.0
15.25458333,-72.11583333,J0101.0-7206    ,T     ,0.1,          ,[MA93] 1240,HMXB,0.0,0.0,0.0,0.0,0.0,0.0,0.0
15.80791667,-72.15388889,J0103-722       ,P     ,0.01,          ,[MA93] 1367,HMXB,0.0,0.0,0.0,0.0,0.0,0.0,0.0
17.27541667,-74.74444444, 0103-762       ,T     ,2.3,          ,1H 0103-762,HMXB,0.0,0.0,0.0,0.0,0.0,0.0,0.0
16.28708333,-72.19555556,J0105-722       ,TP    ,0.1,          ,RX J0105.1-7211,HMXB,0.0,0.0,0.0,0.0,0.0,0.0,0.0
16.56291667,-72.09027778,J0106.2-7205    ,      ,0.005,          ,OGLE SMC725.12.000065,EB*,0.0,0.0,0.0,0.0,0.0,0.0,0.0
17.785,-73.27944444,J0111.2-7317    ,TP    ,15,          ,RX J0111.2-7317,HMXB,0.0,0.0,0.0,0.0,0.0,0.0,0.0
19.51166667,65.28861111, 0114+650       ,P     ,4,11.6,V* V662 Cas,HMXB,0.0,0.0,0.0,0.0,0.0,0.0,0.0
19.63291667,63.74, 0115+634       ,TP    ,2,24.3,V* V635 Cas,HMXB,0.0,0.0,0.0,0.0,0.0,0.0,0.0
19.27166667,-73.44305556, 0115-737       ,P     ,0.5,3.89,SK  160,HMXB,0.0,0.0,0.0,0.0,0.0,0.0,0.0
19.4225,-73.51361111,J0117.6-7330    ,TP    ,10,          ,[MA93] 1845,HMXB,0.0,0.0,0.0,0.0,0.0,0.0,0.0
25.88583333,61.10722222,J0146.9+6121    ,      ,1,          ,J0146.9+6121    ,Unknown,0.0,0.0,0.0,0.0,0.0,0.0,0.0
40.13166667,61.22916667, 0236+610       ,      ,0.2,26.45,LS   I +61  303,HMXB,0.0,0.0,0.0,0.0,0.0,0.0,0.0
53.74958333,53.17305556, 0331+530       ,TP    ,0.5,34.25,V* BQ Cam,HMXB,0.0,0.0,0.0,0.0,0.0,0.0,0.0
58.84583333,31.04583333, 0352+309       ,P     ,9,580,V* X Per,HMXB,0.0,0.0,0.0,0.0,0.0,0.0,0.0
64.94166667,55.99,J0421+560       ,T     ,2000,          ,V* CI Cam,HMXB,0.0,0.0,0.0,0.0,0.0,0.0,0.0
70.24958333,44.53083333,J0440.9+4431    ,P     ,1,          ,LS   V +44   17,HMXB,0.0,0.0,0.0,0.0,0.0,0.0,0.0
75.34958333,-70.55916667,J0501.6-7034    ,      ,           ,          ,SV* HV  2289,HMXB,0.0,0.0,0.0,0.0,0.0,0.0,0.0
75.715,-66.44027778,J0502.9-6626    ,TP    ,5.7,          ,RX J0502.9-6626,HMXB,0.0,0.0,0.0,0.0,0.0,0.0,0.0
78.17416667,-67.28972222,J0512.6-6717    ,      ,           ,          ,RX J0512.6-6717,HMXB,0.0,0.0,0.0,0.0,0.0,0.0,0.0
79.00041667,-69.26916667,J0516.0-6916    ,T     ,0.07,          ,RX J0516.0-6916,HMXB,0.0,0.0,0.0,0.0,0.0,0.0,0.0
80.12625,-69.53444444,J0520.5-6932    ,T     ,           ,          ,OGLE LMC-ECL-31939,EB*,0.0,0.0,0.0,0.0,0.0,0.0,0.0
80.64666667,37.67611111, 0521+373       ,      ,1,          ,HD  34921,HMXB,0.0,0.0,0.0,0.0,0.0,0.0,0.0
82.45166667,-65.9475,J0529.8-6556    ,TP    ,0.17,          ,RX J0529.7-6556,HMXB,0.0,0.0,0.0,0.0,0.0,0.0,0.0
82.80416667,-66.11833333, 053109-6609.2  ,TP    ,1,25.4,RX J0531.2-6609,HMXB,0.0,0.0,0.0,0.0,0.0,0.0,0.0
82.90041667,-65.30444444,J0531.5-6518    ,      ,           ,          ,RX J0531.6-6518,HMXB,0.0,0.0,0.0,0.0,0.0,0.0,0.0
83.205,-66.37055556, 0532-664       ,P     ,3,1.4,X LMC X-4,HMXB,0.0,0.0,0.0,0.0,0.0,0.0,0.0
83.10541667,-65.58583333,J0532.4-6535    ,      ,0.01,          ,RHV 0532195-653656,LPV*,0.0,0.0,0.0,0.0,0.0,0.0,0.0
83.13583333,-65.86133333,J0532.5-6551    ,V     ,0.03,          ,SK -65   66,HMXB,0.0,0.0,0.0,0.0,0.0,0.0,0.0
83.77458333,-67.00444444,J0535.0-6700    ,T     ,0.04,241,RX J0535.0-6700,HMXB,0.0,0.0,0.0,0.0,0.0,0.0,0.0
83.91875,-66.86472222, 0535-668       ,PT    ,0.01,16.7,RX J0535.6-6651,HMXB,0.0,0.0,0.0,0.0,0.0,0.0,0.0
84.7275,26.31583333, 0535+262       ,TP    ,3,111,HD 245770,HMXB,1.0,2020-11-12,19:11:21,T03_263,T01,T03_263T01_9000003990::A0535+262,laxpc1
83.97416667,-65.50944444,J0535.8-6530    ,      ,0.5,          ,RX J0535.8-6530,HMXB,0.0,0.0,0.0,0.0,0.0,0.0,0.0
84.735,-64.08361111, 0538-641       ,U     ,1.7,1.7,X LMC X-3,HMXB,1.0,2020-01-12,20:53:45,A08_008,T02,A08_008T02_9000003430::LMC X-3,sxt
84.91125,-69.74333333, 0540-697       ,U     ,3,4.22,X LMC X-1,HMXB,1.0,2020-01-06,13:56:04,A08_008,T01,A08_008T01_9000003414::LMC X-1,sxt
85.3425,-69.60805556,J0541.4-6936    ,      ,           ,          ,[SG2005] LMC 12,HMXB,0.0,0.0,0.0,0.0,0.0,0.0,0.0
85.40458333,-68.54222222,J0541.5-6833    ,      ,           ,          ,BI 267,HMXB,0.0,0.0,0.0,0.0,0.0,0.0,0.0
86.06458333,-66.56388889, 0544-665       ,      ,1.8,          ,1RXS J054450.0-663445,HMXB,0.0,0.0,0.0,0.0,0.0,0.0,0.0
86.02625,-71.01388889,J0544.1-710     ,TP    ,0.14,          ,RX J0544.1-7100,HMXB,0.0,0.0,0.0,0.0,0.0,0.0,0.0
88.97791667,28.785, 0556+286       ,      ,1.1,          ,HD 249179,HMXB,0.0,0.0,0.0,0.0,0.0,0.0,0.0
98.8225,5.55580556,J0635+0533      ,P     ,0.55,          ,J0635+0533      ,Unknown,0.0,0.0,0.0,0.0,0.0,0.0,0.0
102.0191667,-44.31511111,J0648.0-4419    ,P     ,0.03,1.55,HD  49798,HMXB,0.0,0.0,0.0,0.0,0.0,0.0,0.0
112.2225,-26.10777778, 0726-260       ,TP    ,1.2,34.5,V* V441 Pup,HMXB,0.0,0.0,0.0,0.0,0.0,0.0,0.0
116.84791670000001,-53.33277778, 0739-529       ,      ,0.7,          ,HD  63666,HMXB,0.0,0.0,0.0,0.0,0.0,0.0,0.0
119.06583329999998,-61.09972222, 0749-600       ,      ,0.7,          ,HD  65663,Be*,0.0,0.0,0.0,0.0,0.0,0.0,0.0
123.11833329999999,-31.2475,J0812.4-3114    ,TP    ,0.6,80,V* V572 Pup,HMXB,0.0,0.0,0.0,0.0,0.0,0.0,0.0
128.9791667,-43.185, 0834-430       ,TP    ,30,110,Ginga 0834-430,HMXB,0.0,0.0,0.0,0.0,0.0,0.0,0.0
135.52875,-40.55472222, 0900-403       ,P     ,2,8.96,V* GP Vel,HMXB,1.0,2018-11-06,16:44:46,A05_140,T01,A05_140T01_9000002496:: Vela X-1,laxpc1
152.44166669999998,-58.29222222,J1008-57        ,TP    ,1200,135,GRO J1008-571,HMXB,0.0,0.0,0.0,0.0,0.0,0.0,0.0
156.4858333,-57.81166667, 1024.0-5732    ,P     ,1,          , 1024.0-5732    ,Unknown,0.0,0.0,0.0,0.0,0.0,0.0,0.0
157.59375,-57.0775, 1036-565       ,      ,3.3,          ,HD  91188,Be*,0.0,0.0,0.0,0.0,0.0,0.0,0.0
159.3966667,-56.79972222,J1037.5-5647    ,P     ,0.17,          ,LS 1698,HMXB,0.0,0.0,0.0,0.0,0.0,0.0,0.0
162.5329167,-59.88777778, 1048.1-5937    ,P     ,0.1,          ,2E  2336,HMXB,0.0,0.0,0.0,0.0,0.0,0.0,0.0
170.23833330000002,-61.91611111, 1118-615       ,PT    ,0.1,          ,WRAY 15-793,HMXB,0.0,0.0,0.0,0.0,0.0,0.0,0.0
170.3133333,-60.62333333, 1119-603       ,P     ,10,2.09,V* V779 Cen,HMXB,0.0,0.0,0.0,0.0,0.0,0.0,0.0
177.0004167,-62.20694444, 1145-619       ,PT    ,4,187.5,HD 102567,Be*,0.0,0.0,0.0,0.0,0.0,0.0,0.0
176.8691667,-61.95388889, 1145.1-6141    ,P     ,4,5.65,1E 1145.1-6141,HMXB,0.0,0.0,0.0,0.0,0.0,0.0,0.0
186.6566667,-62.77027778, 1223-624       ,PT    ,9,41.59,V* BP Cru,HMXB,1.0,2018-12-19,20:50:48,T03_067,T01,T03_067T01_9000002582:: GX 301-2,laxpc2
190.5070833,-60.20166667, 1239-599       ,P     ,3,          ,1H 1238-599,HMXB,0.0,0.0,0.0,0.0,0.0,0.0,0.0
191.89583330000002,-60.64333333, 1244-604       ,T     ,24,          ,1A 1244-60,HMXB,0.0,0.0,0.0,0.0,0.0,0.0,0.0
192.4,-59.12166667, 1246-588       ,T     ,24,          ,4U 1246-58,LMXB,0.0,0.0,0.0,0.0,0.0,0.0,0.0
190.71,-63.05888889, 1249-637       ,      ,2.2,          ,HD 110432,Be*,1.0,2020-04-04,11:55:36,T03_183,T01,T03_183T01_9000003606::HD 110432,sxt
189.8125,-75.37, 1253-761       ,      ,0.6,          , 1253-761       ,Unknown,0.0,0.0,0.0,0.0,0.0,0.0,0.0
193.6541667,-57.16833333, 1255-567       ,      ,0.8,          ,* mu.02 Cru,Be*,0.0,0.0,0.0,0.0,0.0,0.0,0.0
195.32166669999998,-61.60194444, 1258-613       ,PT?   ,0.3,133,V* V850 Cen,HMXB,0.0,0.0,0.0,0.0,0.0,0.0,0.0
201.1095833,-62.01472222,J1324.4-6200    ,P     ,0.4,          ,SAX J1324.4-6200,HMXB,0.0,0.0,0.0,0.0,0.0,0.0,0.0
215.30375,-62.69833333, 1417-624       ,PT    ,2,42.12,4U 1416-62,HMXB,1.0,2021-01-25,01:10:07,A10_121,T01,A10_121T01_9000004134::2S 1417-624,sxt
223.2054167,-59.82166667,J1452.8-5949    ,P     ,0.04,          ,SAX J1452.8-5949,HMXB,0.0,0.0,0.0,0.0,0.0,0.0,0.0
235.5970833,-52.38611111, 1538-522       ,P     ,3,3.73,V* QV Nor,HMXB,0.0,0.0,0.0,0.0,0.0,0.0,0.0
239.455,-54.41444444, 1553-542       ,P     ,27,30.6,2S 1553-542,HMXB,1.0,2021-02-23,04:06:40,T03_272,T01,T03_272T01_9000004204::2S 1553-542,laxpc2
238.5916667,-55.32888889, 1555-552       ,      ,1.7,          , 1555-552       ,Unknown,0.0,0.0,0.0,0.0,0.0,0.0,0.0
255.1995833,-41.67305556, 1657-415       ,P     ,4,10.4,NAME OAO 1657-41,HMXB,1.0,2019-03-31,11:37:29,A05_205,T01,A05_205T01_9000002824:: OAO 1657-415,laxpc1
255.98625,-37.84416667, 1700-377       ,      ,11,3.41,HD 153919,HMXB,0.0,0.0,0.0,0.0,0.0,0.0,0.0
255.02208330000002,-41.96222222,J170006-4157    ,P     ,0.4,          ,2XMMi J170004.2-415804,HMXB,0.0,0.0,0.0,0.0,0.0,0.0,0.0
261.4791667,-36.41166667, 1722-363       ,P     ,0.2,          , 1722-363       ,Unknown,0.0,0.0,0.0,0.0,0.0,0.0,0.0
264.72083330000004,-30.26,J1739-302       ,T     ,136,          ,OGLE BLG-ECL-52438,EB*,0.0,0.0,0.0,0.0,0.0,0.0,0.0
264.8754167,-29.70194444,J1739.5-2942    ,      ,           ,          ,RX J1739.4-2942,LMXB,0.0,0.0,0.0,0.0,0.0,0.0,0.0
266.1891667,-27.22972222,J1744.7-2713    ,      ,0.06,          ,HD 161103,Be*,0.0,0.0,0.0,0.0,0.0,0.0,0.0
267.2920833,-27.42111111,J1749.2-2725    ,TP    ,1.36,          ,2XMM J174912.3-272537,HMXB,0.0,0.0,0.0,0.0,0.0,0.0,0.0
267.3,-26.64722222,J1750-27        ,P     ,27,29.8,GRO J1750-27,HMXB,0.0,0.0,0.0,0.0,0.0,0.0,0.0
272.675,-10.86666667, 1807-10        ,T     ,2,          ,4U 1807-10,HMXB,0.0,0.0,0.0,0.0,0.0,0.0,0.0
275.12291669999996,-14.57333333,J1820.5-1434    ,P     ,1,          ,4FGL J1821.1-1422,HMXB,0.0,0.0,0.0,0.0,0.0,0.0,0.0
276.5620833,-14.84138889,J1826.2-1450    ,      ,0.3,          ,V* V479 Sct,HMXB,0.0,0.0,0.0,0.0,0.0,0.0,0.0
279.12041669999996,-7.60583333, 1833-076       ,PT    ,1.6,          , 1833-076       ,Unknown,0.0,0.0,0.0,0.0,0.0,0.0,0.0
280.425,-5.85, 1839-06        ,T     ,1,          ,1RXS J184135.3-055032,HMXB,0.0,0.0,0.0,0.0,0.0,0.0,0.0
280.45,-4.45, 1839-04        ,PT    ,2.5,          ,Ginga 1839-04,HMXB,0.0,0.0,0.0,0.0,0.0,0.0,0.0
281.375,0.95, 1843+009       ,PT    ,0.4,          ,2MASS J18453684+0051474,HMXB,0.0,0.0,0.0,0.0,0.0,0.0,0.0
281.85,-3.15, 1845-03        ,T     ,1,          , 1845-03        ,Unknown,0.0,0.0,0.0,0.0,0.0,0.0,0.0
282.07375,-2.42027778, 1845-024       ,PT    ,1,241,4U 1850-03,HMXB,0.0,0.0,0.0,0.0,0.0,0.0,0.0
281.9208333,-4.50333333, 1845.0-0433    ,T     ,45,          , 1845.0-0433    ,Unknown,0.0,0.0,0.0,0.0,0.0,0.0,0.0
284.5,-2.73333333, 1855-02        ,PT    ,2,          ,2MASS J18575695-0245094,LPV*,0.0,0.0,0.0,0.0,0.0,0.0,0.0
283.925,-2.61666667,J1855-026       ,P     ,6,6.1,2MASS J18553040-0236167,HMXB,0.0,0.0,0.0,0.0,0.0,0.0,0.0
284.65,3.35,J1858+034       ,TP    ,25,          ,XTE J1858+034,HMXB,0.0,0.0,0.0,0.0,0.0,0.0,0.0
286.05,3.175, 1901+03        ,T     ,2,          ,IRAS 19015+0300,LPV*,0.0,0.0,0.0,0.0,0.0,0.0,0.0
286.3333333,9.04166667,J1906+09        ,P     ,0.7,          ,XTE J1906+090,HMXB,0.0,0.0,0.0,0.0,0.0,0.0,0.0
287.4079167,9.83027778, 1907+097       ,PT    ,4,8.38,4U 1907+09,HMXB,0.0,0.0,0.0,0.0,0.0,0.0,0.0
287.95666669999997,4.98277778, 1909+048       ,      ,2,13.1,SS 433,HMXB,0.0,0.0,0.0,0.0,0.0,0.0,0.0
293.2179167,53.87916667, 1936+541       ,      ,0.7,          , 1936+541       ,Unknown,0.0,0.0,0.0,0.0,0.0,0.0,0.0
296.40833330000004,27.36055556,J1946+274       ,TP    ,1,80,XTE J1946+274,HMXB,0.0,0.0,0.0,0.0,0.0,0.0,0.0
297.3983333,30.20861111, 1947+300       ,T     ,10,          ,2MASS J19493548+3012317,HMXB,0.0,0.0,0.0,0.0,0.0,0.0,0.0
297.0,32.0,J1948+32        ,P     ,27,35,J1948+32        ,Unknown,0.0,0.0,0.0,0.0,0.0,0.0,0.0
298.93041669999997,32.10083333, 1954+319       ,      ,1.5,          ,4U 1954+31,HMXB,0.0,0.0,0.0,0.0,0.0,0.0,0.0
299.5904167,35.20166667, 1956+350       ,U     ,235,5,HD 226868,HMXB,0.0,0.0,0.0,0.0,0.0,0.0,0.0
308.06375,37.6375, 2030+375       ,PT    ,0.5,46,V* V2246 Cyg,HMXB,1.0,2018-09-09,06:55:34,G08_081,T01,G08_081T01_9000002350:: EXO 2030+375,sxt
308.1070833,40.95777778, 2030+407       ,      ,90,0.2,V* V1521 Cyg,HMXB,1.0,2019-04-30,17:58:24,T03_105,T01,T03_105T01_9000002876::Cyg X-3,sxt
307.6275,47.86277778,J2030.5+4751    ,      ,0.04,          ,BD+47  3129,HMXB,0.0,0.0,0.0,0.0,0.0,0.0,0.0
314.75,41.71666667,J2058+42        ,TP    ,320,110,GRO J2058+42,HMXB,0.0,0.0,0.0,0.0,0.0,0.0,0.0
315.8875,45.75,J2103.5+4545    ,P     ,20,12.68,GSC 03588-00834,HMXB,0.0,0.0,0.0,0.0,0.0,0.0,0.0
324.8916667,57.06, 2138+568       ,PT    ,6,          ,V* V490 Cep,HMXB,0.0,0.0,0.0,0.0,0.0,0.0,0.0
330.4091667,50.16777778, 2202+501       ,      ,0.7,          ,BD+49  3718,HMXB,0.0,0.0,0.0,0.0,0.0,0.0,0.0
331.9875,54.51833333, 2206+543       ,      ,0.6,          ,BD+53  2790,HMXB,0.0,0.0,0.0,0.0,0.0,0.0,0.0
336.6379167,61.23805556, 2214+589       ,      ,0.5,          , 2214+589       ,Unknown,0.0,0.0,0.0,0.0,0.0,0.0,0.0
339.8370833,61.27411111,J2239.3+6116    ,T     ,16,262,4U 2238+60,HMXB,0.0,0.0,0.0,0.0,0.0,0.0,0.0
11.21,33.02138889, 0042+323       ,T     ,0.5,          ,4U 0042+32,LMXB,0.0,0.0,0.0,0.0,0.0,0.0,0.0
64.62458333,32.79,J0422+32        ,T     ,3000,5.1,CRTS J041848.7+324724,EB*,0.0,0.0,0.0,0.0,0.0,0.0,0.0
78.5275,-40.04361111, 0512-401       ,GB    ,3,          ,4U 0513-40,LMXB,1.0,2019-01-14,18:54:12,A05_025,T04,A05_025T04_9000002652:: NGC 1851,uvit1
80.12166667,-71.96, 0521-720       ,Z?    ,9,8.16,X LMC X-2,LMXB,1.0,2020-04-19,09:01:00,T03_191,T01,T03_191T01_9000003618::LMC X-2,sxt
83.17833333,-69.43833333,J0532.7-6926    ,      ,0.5,          ,EROS2-star lm002-3k-6017,LPV*,0.0,0.0,0.0,0.0,0.0,0.0,0.0
94.28041667,9.13694444, 0614+091       ,AB    ,50,          ,V* V1055 Ori,LMXB,0.0,0.0,0.0,0.0,0.0,0.0,0.0
95.68541667,-0.34583333, 0620-003       ,TU    ,0.02,7.75,1A 0620-00,HMXB,0.0,0.0,0.0,0.0,0.0,0.0,0.0
104.6125,-7.26388889, 0656-072       ,T     ,20,          ,2E  1752,HMXB,0.0,0.0,0.0,0.0,0.0,0.0,0.0
117.14083329999998,-67.7525, 0748-676       ,TBD   ,0.1,3.82,V* UY Vol,LMXB,0.0,0.0,0.0,0.0,0.0,0.0,0.0
128.9833333,51.31,J0835.9+5118    ,TB    ,6,          ,SAX J0835.9+5118,LMXB,0.0,0.0,0.0,0.0,0.0,0.0,0.0
129.34583329999998,-42.88583333, 0836-429       ,TB    ,1,          ,4U 0836-42,LMXB,0.0,0.0,0.0,0.0,0.0,0.0,0.0
140.1116667,-55.20666667, 0918-549       ,      ,10,          ,4U 0919-54,LMXB,0.0,0.0,0.0,0.0,0.0,0.0,0.0
140.64458330000002,-63.295, 0921-630       ,D     ,3,216.2,V* V395 Car,LMXB,0.0,0.0,0.0,0.0,0.0,0.0,0.0
153.4,-45.07638889, 1009-45        ,TU    ,800,          ,V* MM Vel,HMXB,0.0,0.0,0.0,0.0,0.0,0.0,0.0
169.5452083,48.03691667,J1118+480       ,TA?   ,40,4.1,V* KV UMa,HMXB,0.0,0.0,0.0,0.0,0.0,0.0,0.0
171.61125,-68.67583333, 1124-684       ,TU    ,4,10.4,V* GU Mus,HMXB,0.0,0.0,0.0,0.0,0.0,0.0,0.0
194.405,-69.28916667, 1254-690       ,BD    ,25,3.93,V* GR Mus,LMXB,0.0,0.0,0.0,0.0,0.0,0.0,0.0
201.6504167,-62.13611111, 1323-619       ,BD    ,7,2.93,4U 1323-62,LMXB,0.0,0.0,0.0,0.0,0.0,0.0,0.0
209.54041669999998,-64.73472222, 1354-645       ,TU    ,5,          ,V* BW Cir,HMXB,0.0,0.0,0.0,0.0,0.0,0.0,0.0
224.5916667,-31.66888889, 1455-314       ,TB    ,0.1,15.1,V* V822 Cen,LMXB,0.0,0.0,0.0,0.0,0.0,0.0,0.0
230.1704167,-57.16694444, 1516-569       ,TBA   ,5,398.4,V* BR Cir,HMXB,0.0,0.0,0.0,0.0,0.0,0.0,0.0
232.07166669999998,-61.88277778, 1524-617       ,TU    ,5,          ,V* KY TrA,LMXB,0.0,0.0,0.0,0.0,0.0,0.0,0.0
236.7858333,-47.66944444, 1543-475       ,TU    ,1,26.95,V* IL Lup,HMXB,0.0,0.0,0.0,0.0,0.0,0.0,0.0
236.9783333,-62.56805556, 1543-624       ,      ,35,          ,V* QU TrA,LMXB,0.0,0.0,0.0,0.0,0.0,0.0,0.0
237.74491669999998,-56.47638889,J1550-564       ,T     ,600,36.96,V* V381 Nor,HMXB,0.0,0.0,0.0,0.0,0.0,0.0,0.0
240.2595833,-60.73805556, 1556-605       ,      ,16,9.1,V* LU TrA,LMXB,0.0,0.0,0.0,0.0,0.0,0.0,0.0
241.4408333,25.8625, 1603.6+2600    ,      ,0.15,1.85,V* UW CrB,LMXB,0.0,0.0,0.0,0.0,0.0,0.0,0.0
240.975,-77.885,J1603.9-7753    ,TB    ,160,          ,J1603.9-7753    ,Unknown,0.0,0.0,0.0,0.0,0.0,0.0,0.0
243.1791667,-52.42305556, 1608-522       ,TBA   ,1,          ,V* QX Nor,LMXB,1.0,2020-07-14,01:35:03,T03_214,T01,T03_214T01_9000003758::4U 1608-52,sxt
244.9795833,-15.64027778, 1617-155       ,Z     ,14000,18.9,V* V818 Sco,LMXB,0.0,0.0,0.0,0.0,0.0,0.0,0.0
247.01,-49.19027778, 1624-490       ,D     ,55,21,4U 1624-49,LMXB,0.0,0.0,0.0,0.0,0.0,0.0,0.0
248.07,-67.46194444, 1627-673       ,P     ,25,0.69,V* KZ TrA,LMXB,0.0,0.0,0.0,0.0,0.0,0.0,0.0
248.5016667,-47.39416667, 1630-472       ,TUD   ,2,          ,X Nor X-1,LMXB,1.0,2018-09-11,10:40:04,T02_100,T01,T02_100T01_9000002354:: 4u1630-472,laxpc1
249.1166667,-47.82694444, 1632-477       ,      ,13,          ,INTREF   709,LMXB,0.0,0.0,0.0,0.0,0.0,0.0,0.0
250.23125,-53.75138889, 1636-536       ,BA    ,220,3.8,V* V801 Ara,LMXB,0.0,0.0,0.0,0.0,0.0,0.0,0.0
251.44875,-45.61111111, 1642-455       ,Z     ,500,          ,4U 1642-45,LMXB,1.0,2019-05-01,16:55:48,A06_009,T02,A06_009T02_9000002882::GX 340+0,laxpc2
253.50057080000002,-39.84580556,J1655-40        ,TD    ,1600,62.88,V* V1033 Sco,HMXB,0.0,0.0,0.0,0.0,0.0,0.0,0.0
254.4575,35.3425, 1656+354       ,P     ,15,40.8,V* HZ Her,LMXB,1.0,2018-09-17,08:09:52,A04_230,T01,A04_230T01_9000002374:: Her X-1,laxpc1
255.52625,-29.94583333, 1658-298       ,TBD   ,5,7.11,MXB 1658-298,LMXB,0.0,0.0,0.0,0.0,0.0,0.0,0.0
255.70625,-48.78972222, 1659-487       ,TU    ,1.5,14.83,V* V821 Ara,HMXB,1.0,2019-09-22,16:55:40,A05_166,T01,A05_166T01_9000003192::GX339-4,laxpc1
256.43541669999996,-36.42277778, 1702-363       ,Z     ,825,21.85,V* V1101 Sco,LMXB,1.0,2019-09-10,15:09:33,A06_009,T05,A06_009T05_9000003154::GX 349+2,laxpc2
256.56375,-43.03611111, 1702-429       ,BA    ,45,          ,X Ara X-1,LMXB,1.0,2019-08-08,13:25:31,A06_002,T03,A06_002T03_9000003080::4U 1702-429,laxpc2
256.64416669999997,23.97166667, 1704+240       ,      ,0.5,          ,V* V934 Her,LPV*,0.0,0.0,0.0,0.0,0.0,0.0,0.0
257.0608333,-25.09138889, 1705-250       ,T     ,2,12.5,V* V2107 Oph,HMXB,0.0,0.0,0.0,0.0,0.0,0.0,0.0
257.2279167,-44.10055556, 1705-440       ,BA    ,10,          ,4U 1705-44,LMXB,1.0,2020-08-07,23:22:58,A09_044,T01,A09_044T01_9000003792::4U 1705-44,laxpc2
258.09583330000004,-40.84333333, 1708-408       ,      ,32,          ,4U 1708-40,LMXB,0.0,0.0,0.0,0.0,0.0,0.0,0.0
257.3758333,-26.6575,J1709-267       ,TB    ,150,          ,RX J1709.5-2639,LMXB,0.0,0.0,0.0,0.0,0.0,0.0,0.0
257.55125,-28.13166667,J1710-281       ,TB(?) ,2,          ,[KRL2007b] 225,LMXB,0.0,0.0,0.0,0.0,0.0,0.0,0.0
258.58,-34.04944444, 1711-339       ,T     ,16,          ,4U 1711-34,LMXB,0.0,0.0,0.0,0.0,0.0,0.0,0.0
258.1416667,-37.64333333,J1712.6-3739    ,TB    ,34,          ,[KRL2007b] 228,LMXB,0.0,0.0,0.0,0.0,0.0,0.0,0.0
259.6975,-32.17777778, 1715-321       ,B     ,28,          ,1H 1715-321,LMXB,0.0,0.0,0.0,0.0,0.0,0.0,0.0
259.90375,-25.0175, 1716-249       ,T     ,1500,14.7,V* V2293 Oph,LMXB,0.0,0.0,0.0,0.0,0.0,0.0,0.0
259.6005417,-40.49177778,J171824.2-402934,B     ,1400,          ,RX J1718.4-4029,LMXB,0.0,0.0,0.0,0.0,0.0,0.0,0.0
260.90833330000004,-37.66166667,J1723-376       ,TB    ,70,          ,INTREF   776,LMXB,0.0,0.0,0.0,0.0,0.0,0.0,0.0
261.9125,-35.73444444, 1724-356       ,      ,32,          ,INTREF   782,LMXB,0.0,0.0,0.0,0.0,0.0,0.0,0.0
261.8883333,-30.80194444, 1724-307       ,GBA   ,15,          ,4U 1722-30,LMXB,0.0,0.0,0.0,0.0,0.0,0.0,0.0
262.9891667,-33.83472222, 1728-337       ,BA    ,150,          ,NAME Slow Burster,LMXB,1.0,2019-08-29,05:54:29,A06_002,T01,A06_002T01_9000003134::4U 1728-34,laxpc2
262.9341667,-16.96166667, 1728-169       ,A     ,300,4.2,V* V2216 Oph,LMXB,1.0,2020-07-25,20:38:37,A09_018,T01,A09_018T01_9000003774::GX 9+9,laxpc2
263.0091667,-24.74555556, 1728-247       ,P     ,100,340,V* V2116 Oph,Symbiotic*,0.0,0.0,0.0,0.0,0.0,0.0,0.0
263.3833333,-31.21666667, 1730-312       ,T     ,900,          ,AX J1733.9-3112,LMXB,0.0,0.0,0.0,0.0,0.0,0.0,0.0
263.3504167,-33.38777778, 1730-335       ,GBT   ,0.1,          ,[ZGV2011] 9,LMXB,0.0,0.0,0.0,0.0,0.0,0.0,0.0
263.4875,-22.03527778, 1730-220       ,T     ,10,          ,4U 1730-22,LMXB,0.0,0.0,0.0,0.0,0.0,0.0,0.0
263.5541667,-26.08583333, 1731-260       ,BT    ,10,          ,KS 1731-260,LMXB,0.0,0.0,0.0,0.0,0.0,0.0,0.0
263.9483333,-30.48222222, 1732-304       ,GB    ,10,          ,[ZGV2011] 1,LMXB,0.0,0.0,0.0,0.0,0.0,0.0,0.0
264.0083333,-27.42583333, 1732-273       ,TU    ,5,          ,RX J1735.9-2726,LMXB,0.0,0.0,0.0,0.0,0.0,0.0,0.0
264.3541667,-29.18, 1734-292       ,      ,3.4,          ,OGLE BLG-ECL-46766,EB*,0.0,0.0,0.0,0.0,0.0,0.0,0.0
264.5666667,-27.00444444, 1735-269       ,B     ,10,          ,OGLE BLG-ECL-50820,EB*,0.0,0.0,0.0,0.0,0.0,0.0,0.0
264.74291669999997,-44.45, 1735-444       ,BA    ,160,4.65,V* V926 Sco,LMXB,1.0,2019-05-06,20:35:41,A05_062,T01,A05_062T01_9000002892::4U 1735-44,laxpc1
264.6416667,-28.48333333, 1735-28        ,T     ,0.4,          ,4U 1735-28,LMXB,0.0,0.0,0.0,0.0,0.0,0.0,0.0
264.8875,-29.72388889, 1736-297       ,      ,2,          ,OGLE BLG-ECL-57098,EB*,0.0,0.0,0.0,0.0,0.0,0.0,0.0
264.9833333,-30.98333333, 1737-31        ,T     ,26,          ,INTREF   806,LMXB,0.0,0.0,0.0,0.0,0.0,0.0,0.0
265.2375,-28.31, 1737-282       ,      ,3,          ,2E 1737.5-2817,LMXB,0.0,0.0,0.0,0.0,0.0,0.0,0.0
265.65416669999996,-27.78305556, 1739-278       ,T     ,860,          ,OGLE BLG-ECL-72902,EB*,0.0,0.0,0.0,0.0,0.0,0.0,0.0
265.6833333,-30.51416667, 1739-304       ,      ,9,          ,INTREF   814,LMXB,0.0,0.0,0.0,0.0,0.0,0.0,0.0
265.9458333,-29.43333333, 1740-294       ,T(?)  ,30,          ,NAME GC X-4,LMXB,0.0,0.0,0.0,0.0,0.0,0.0,0.0
265.9779167,-29.74527778, 1740.7-2942    ,      ,4,          ,NAME Great Annihilator,LMXB,0.0,0.0,0.0,0.0,0.0,0.0,0.0
266.10583330000003,-29.0125, 1741.2-2859    ,      ,1.5,          ,Ginga 1741.6-2849,LMXB,0.0,0.0,0.0,0.0,0.0,0.0,0.0
266.2041667,-29.35166667, 1741-293       ,TB    ,5,          ,KS 1741-293,LMXB,0.0,0.0,0.0,0.0,0.0,0.0,0.0
266.2583333,-32.22722222, 1741-322       ,TU    ,2,          ,OGLE BLG-ECL-89800,EB*,0.0,0.0,0.0,0.0,0.0,0.0,0.0
266.2541667,-28.90166667, 1741.9-2853    ,TB    ,7,          ,2XMM J174502.1-285450,LMXB,0.0,0.0,0.0,0.0,0.0,0.0,0.0
266.3708333,-32.69416667, 1742-326       ,      ,2,          ,GPS 1742-326,LMXB,0.0,0.0,0.0,0.0,0.0,0.0,0.0
266.3608333,-28.98333333, 1742.2-2857    ,      ,0.1,          ,1E 1742.2-2857,LMXB,0.0,0.0,0.0,0.0,0.0,0.0,0.0
266.40416669999996,-29.45, 1742-294       ,B(T?) ,45,          ,[CFS78] GC X-2,LMXB,0.0,0.0,0.0,0.0,0.0,0.0,0.0
266.40416669999996,-29.01861111, 1742-289       ,TB(?) ,9,          ,SSTGC 517174,LPV*,0.0,0.0,0.0,0.0,0.0,0.0,0.0
266.4195833,-29.00305556, 1742.5-2859    ,      ,1,          ,SWIFT J174540.7-290015,LMXB,0.0,0.0,0.0,0.0,0.0,0.0,0.0
266.42875,-28.78138889, 1742.5-2845    ,      ,0.15,          ,1E 1742.5-2845,LMXB,0.0,0.0,0.0,0.0,0.0,0.0,0.0
266.4704167,-29.05611111, 1742.7-2902    ,      ,0.2,          ,1E 1742.7-2902,LMXB,0.0,0.0,0.0,0.0,0.0,0.0,0.0
266.5,-28.91361111, 1742.8-2853    ,      ,0.2,          ,2MASS J17455993-2854498,LMXB,0.0,0.0,0.0,0.0,0.0,0.0,0.0
266.5204167,-28.88694444, 1742.9-2852    ,      ,0.2,          ,1E 1742.9-2852,LMXB,0.0,0.0,0.0,0.0,0.0,0.0,0.0
266.5258333,-29.51833333, 1742-294       ,B     ,60,          ,2E  3943,LMXB,0.0,0.0,0.0,0.0,0.0,0.0,0.0
266.5404167,-28.85111111, 1742.9-2849    ,      ,0.2,          ,INTREF   837,LMXB,0.0,0.0,0.0,0.0,0.0,0.0,0.0
266.58,-28.73527778, 1743.1-2843    ,      ,0.5,          ,SSTGC 631389,LPV*,0.0,0.0,0.0,0.0,0.0,0.0,0.0
266.58125,-28.89527778, 1743.1-2852    ,      ,0.2,          ,SSTGC 631062,LPV*,0.0,0.0,0.0,0.0,0.0,0.0,0.0
266.6958333,-28.89472222, 1743-288       ,TB    ,1,          ,OGLE BLG-ECL-101453,EB*,0.0,0.0,0.0,0.0,0.0,0.0,0.0
266.8570833,-29.99527778, 1744-299       ,      ,6,          ,AX J1747.4-3000,LMXB,0.0,0.0,0.0,0.0,0.0,0.0,0.0
266.1379167,-28.74138889,J1744-28        ,TBP   ,4700,284.02,3FHL J1746.2-2852,LMXB,0.0,0.0,0.0,0.0,0.0,0.0,0.0
266.8579167,-30.04194444, 1744-300       ,B     ,4,          ,1RXS J174725.6-300241,LMXB,0.0,0.0,0.0,0.0,0.0,0.0,0.0
266.9833333,-26.56361111, 1744-265       ,BA    ,400,          ,X Sgr X-1,LMXB,0.0,0.0,0.0,0.0,0.0,0.0,0.0
267.0558333,-36.13138889, 1744-361       ,T     ,25,          ,[KRL2007b] 281,LMXB,0.0,0.0,0.0,0.0,0.0,0.0,0.0
266.4,-29.02611111,J1745.6-2901    ,TB    ,0.4,8.4,[SKM2002] 27,LMXB,0.0,0.0,0.0,0.0,0.0,0.0,0.0
267.2333333,-24.89444444, 1745-248       ,TGB   ,0.1,          ,[ZGV2011] 6,LMXB,0.0,0.0,0.0,0.0,0.0,0.0,0.0
267.2229167,-20.36722222, 1745-203       ,GT    ,0.1,          ,[ZGV2011] 3,LMXB,0.0,0.0,0.0,0.0,0.0,0.0,0.0
267.4608333,-33.19861111, 1746-331       ,U     ,27,          ,RX J1749.8-3312,LMXB,0.0,0.0,0.0,0.0,0.0,0.0,0.0
267.5145833,-32.42861111, 1746.7-3224    ,      ,0.1,          ,2E 1746.7-3225,LMXB,0.0,0.0,0.0,0.0,0.0,0.0,0.0
267.55291669999997,-37.05222222, 1746-370       ,GBA   ,32,5.7,4U 1746-371,LMXB,0.0,0.0,0.0,0.0,0.0,0.0,0.0
267.6070833,-21.4225, 1747-214       ,TB    ,70,          ,EXO 1747-214,LMXB,0.0,0.0,0.0,0.0,0.0,0.0,0.0
267.68958330000004,-31.29222222, 1747-313       ,G     ,1.5,12.36,[ZGV2011] 5,LMXB,0.0,0.0,0.0,0.0,0.0,0.0,0.0
267.0210833,-28.47383333,J1748-288       ,T     ,640,          ,AX J1748.0-2829,LMXB,0.0,0.0,0.0,0.0,0.0,0.0,0.0
267.2225,-20.36194444,J1748.9-2021    ,TGB   ,30,          ,4U 1745-203,LMXB,0.0,0.0,0.0,0.0,0.0,0.0,0.0
268.0666667,-28.50611111, 1749-285       ,T     ,60,          ,1RXS J175229.0-282951,LMXB,0.0,0.0,0.0,0.0,0.0,0.0,0.0
267.6,-29.03833333,J1750.8-2900    ,TB    ,130,          ,SAX J1750.8-2900,LMXB,1.0,2018-09-28,00:50:00,T02_112,T01,T02_112T01_9000002390:: SAX 1750.8-2009,sxt
268.1,-31.62833333,J1752.3-3138    ,B     ,740,          ,SAX J1752.3-3138,LMXB,0.0,0.0,0.0,0.0,0.0,0.0,0.0
269.6666667,-33.8075, 1755-338       ,DU    ,100,4.46,V* V4134 Sgr,LMXB,0.0,0.0,0.0,0.0,0.0,0.0,0.0
268.8691667,-32.4775,J1755-324       ,T     ,180,          ,INTREF   866,LMXB,0.0,0.0,0.0,0.0,0.0,0.0,0.0
270.2841667,-25.07916667, 1758-250       ,Z     ,1250,          ,4U 1758-25,LMXB,1.0,2019-08-17,11:43:03,A06_009,T03,A06_009T03_9000003098::GX 5-1,laxpc2
270.30291669999997,-25.74055556, 1758-258       ,U     ,20,          ,2XMM J180112.4-254436,LMXB,0.0,0.0,0.0,0.0,0.0,0.0,0.0
270.38458330000003,-20.52888889, 1758-205       ,A     ,700,          ,X Sgr X-3,LMXB,1.0,2019-05-02,12:28:36,A05_221,T01,A05_221T01_9000002888::GX 9+1,sxt
271.70916669999997,-24.5875, 1803-245       ,T     ,2,          ,2S 1803-245,LMXB,0.0,0.0,0.0,0.0,0.0,0.0,0.0
271.7125,-24.585,J1806-246       ,TB(?)A,440,          ,2S 1803-245,LMXB,0.0,0.0,0.0,0.0,0.0,0.0,0.0
272.11475,-36.97897222,J1808.4-3658    ,TPB   ,110,2.014167,V* V4580 Sgr,LMXB,1.0,2019-08-14,01:11:45,T03_131,T01,T03_131T01_9000003090::SAX J1808-3658,laxpc2
272.68541669999996,-26.15027778,J1810.8-2609    ,TB    ,16,          ,V* V4722 Sgr,LMXB,0.0,0.0,0.0,0.0,0.0,0.0,0.0
273.62958330000004,-17.15722222, 1811-171       ,AB    ,350,592.8,V* V5512 Sgr,LMXB,0.0,0.0,0.0,0.0,0.0,0.0,0.0
273.8,-12.08333333, 1812-12        ,B     ,15,          ,4U 1812-12,LMXB,0.0,0.0,0.0,0.0,0.0,0.0,0.0
274.0058333,-14.03638889, 1813-140       ,ZB    ,700,          ,V* NP Ser,LMXB,1.0,2018-09-10,04:06:12,T02_087,T01,T02_087T01_9000002352:: GX 17+2,laxpc2
274.8395,-25.42666667,J1819.3-2525    ,T     ,1,          ,V* GM Sgr,Nova,0.0,0.0,0.0,0.0,0.0,0.0,0.0
275.9191667,-30.36138889, 1820-303       ,GBA   ,250,0.19,X Sgr X-4,LMXB,0.0,0.0,0.0,0.0,0.0,0.0,0.0
276.445,-37.10527778, 1822-371       ,D     ,10,5.57,V* V691 CrA,LMXB,0.0,0.0,0.0,0.0,0.0,0.0,0.0
276.3420833,-0.01222222, 1822-000       ,      ,25,          ,4U 1823-00,LMXB,0.0,0.0,0.0,0.0,0.0,0.0,0.0
277.3625,-23.79138889, 1826-238       ,TB    ,30,          ,V* V4634 Sgr,LMXB,0.0,0.0,0.0,0.0,0.0,0.0,0.0
278.9333333,-32.98194444, 1832-330       ,GB    ,8,          ,[ZGV2011] 4,LMXB,0.0,0.0,0.0,0.0,0.0,0.0,0.0
279.9895833,5.03583333, 1837+049       ,B     ,225,          ,V* MM Ser,LMXB,0.0,0.0,0.0,0.0,0.0,0.0,0.0
282.32125,-3.06222222, 1846-031       ,TU    ,300,          ,EXO 1846-031,LMXB,0.0,0.0,0.0,0.0,0.0,0.0,0.0
283.2704167,-8.70555556, 1850-087       ,GB    ,7,0.343,4U 1850-086,LMXB,0.0,0.0,0.0,0.0,0.0,0.0,0.0
284.1625,5.33,J1856+053       ,T     ,70,          ,INTREF   948,LMXB,0.0,0.0,0.0,0.0,0.0,0.0,0.0
284.67325,22.65816667,J1859+226       ,T     ,600,          ,V* V406 Vul,HMXB,0.0,0.0,0.0,0.0,0.0,0.0,0.0
287.1125,0.16888889, 1905+000       ,B     ,10,          ,4U 1857+01,LMXB,0.0,0.0,0.0,0.0,0.0,0.0,0.0
287.8166667,0.585, 1908+005       ,TBA   ,0.1,19,X Aql X-1,LMXB,0.0,0.0,0.0,0.0,0.0,0.0,0.0
288.8208333,10.96833333, 1915+105       ,TB    ,300,          ,Granat 1915+105,HMXB,1.0,2019-03-21,16:13:34,A05_173,T01,A05_173T01_9000002812:: GRS 1915+105,laxpc1
289.7,-5.23583333, 1916-053       ,BD    ,25,0.83,V* V1405 Aql,LMXB,0.0,0.0,0.0,0.0,0.0,0.0,0.0
290.0708333,14.69416667, 1918+146       ,T     ,5,          ,4U 1918+15,LMXB,0.0,0.0,0.0,0.0,0.0,0.0,0.0
295.65833330000004,-3.9, 1940-04        ,B     ,50,          ,INTREF   989,LMXB,0.0,0.0,0.0,0.0,0.0,0.0,0.0
299.85,11.70833333, 1957+115       ,U     ,30,9.33,V* V1408 Aql,LMXB,0.0,0.0,0.0,0.0,0.0,0.0,0.0
300.70666669999997,25.23666667, 2000+251       ,TU    ,0.5,8.26,V* QZ Vul,HMXB,0.0,0.0,0.0,0.0,0.0,0.0,0.0
303.1575,38.18363889,J2012+381       ,TU    ,160,          ,INTREF  1012,LMXB,0.0,0.0,0.0,0.0,0.0,0.0,0.0
306.0158333,33.86777778, 2023+338       ,TU    ,0.4,155.4,V* V404 Cyg,HMXB,0.0,0.0,0.0,0.0,0.0,0.0,0.0
320.8105833,-5.79802778,J2123-058       ,TBA   ,110,5.96,V* LZ Aqr,LMXB,0.0,0.0,0.0,0.0,0.0,0.0,0.0
322.49291669999997,12.1675, 2127+119       ,GB    ,6,17.1,4U 2129+12,LMXB,0.0,0.0,0.0,0.0,0.0,0.0,0.0
322.8591667,47.29, 2129+470       ,B     ,9,5.24,V* V1727 Cyg,LMXB,0.0,0.0,0.0,0.0,0.0,0.0,0.0
326.1716667,38.32166667, 2142+380       ,ZB    ,450,236.2,V* V1341 Cyg,LMXB,1.0,2019-07-29,16:08:02,A06_002,T02,A06_002T02_9000003064::Cyg X-2,laxpc2
350.1420833,62.2925, 2318+620       ,      ,2.4,          ,4U 2316+61,LMXB,0.0,0.0,0.0,0.0,0.0,0.0,0.0
